sku,marca,modelo,year
G660F4,Ford,Lanos,2018.0
L647n5,Honda,Range Rover,1998.0
W824g2,Ford,Mustang,1998.0
j948t9,Volvo,4Runner,2011.0
J115g7,Chevrolet,Tacoma Access Cab,2008.0
O565n9,Scion,Q3,2009.0
q877d8,Toyota,Challenger,2007.0
T801Y6,Dodge,F150 Regular Cab,2006.0
p097U5,Cadillac,Excel,2016.0
o513p9,Pontiac,GTI,2006.0
f287u1,Volkswagen,Caprice Classic,1998.0
J871s4,Ford,Ram 2500 Regular Cab,2009.0
n185Z8,Rolls-Royce,Land Cruiser,2020.0
C989f4,Acura,Astro Passenger,2020.0
p965s9,GMC,Esperante,2010.0
N232Q0,GMC,86,2012.0
R471W1,Volvo,GLK-Class,2010.0
S220I1,BMW,Rodeo,2000.0
Z684p8,Toyota,Optima Hybrid,2006.0
r396C9,Ford,Dakota Club Cab,2016.0
N751h5,Ford,DeVille,2008.0
p795b3,Ford,Firebird,2006.0
Y413k5,Ford,xB,1994.0
Y560j1,Mercedes-Benz,Amigo,2017.0
M309R8,Ford,S4,1992.0
M101K3,Lotus,Legacy,2013.0
h161c5,Chevrolet,DBS,2019.0
T903h2,Hyundai,3500 Crew Cab,2017.0
I730B0,Rolls-Royce,Sedona,2014.0
o914e1,Volvo,Sedona,1994.0
d456G2,Lexus,Metro,2008.0
S709z1,Dodge,Explorer,2011.0
K345k7,Chevrolet,600 SEL,2008.0
v302H2,Subaru,Taurus,2005.0
Q419l7,McLaren,Ranger Super Cab,2016.0
G076t9,Audi,Legacy,2012.0
J564S2,Mitsubishi,Escalade,2009.0
V071c5,Aston Martin,CL-Class,2004.0
W842E3,Ferrari,Frontier Crew Cab,2001.0
L594O5,Ram,FF,2014.0
V924A6,INFINITI,Suburban,1992.0
S109v3,Volkswagen,F350 Super Duty Regular Cab,2019.0
y233T7,Ferrari,SRX,1992.0
S960K6,BMW,MPV,2017.0
e602q7,Jeep,Sienna,2019.0
J278M7,Ford,Sierra 3500 HD Extended Cab,2013.0
t007D5,Dodge,LX,2011.0
O063f8,Nissan,Sierra 1500 Limited Double Cab,1994.0
u206a6,GMC,Sprinter 2500 Cargo,2009.0
N300g8,Chevrolet,Sprinter 3500 Cargo,2017.0
t319r3,Dodge,GS,2000.0
O217f6,Nissan,Titan King Cab,1996.0
q047i1,Subaru,DB11,2016.0
r851b2,Lexus,Hardtop,2009.0
J003u4,Buick,A4,1992.0
P590F9,Chevrolet,Sequoia,2018.0
l765n8,Nissan,Avalon,2005.0
i694j0,MAZDA,7 Series,2016.0
T455f5,Ford,Genesis Coupe,2020.0
r590k0,Chevrolet,SC,1992.0
z294J5,Ford,350Z,2005.0
U241p7,Hyundai,M5,2014.0
U042e8,MAZDA,Prius Prime,1999.0
A465g4,INFINITI,Tundra Double Cab,2018.0
v187Z7,Lincoln,Sierra 1500 Regular Cab,2015.0
S517F1,Kia,Montero,2005.0
V604R5,Mitsubishi,Sequoia,2015.0
Z229O6,MINI,Tiburon,2002.0
V111o3,Kia,XT5,2012.0
z060J1,Pontiac,Tribeca,2010.0
Y847L7,Porsche,Grand Marquis,2003.0
o361q5,Audi,4Runner,2019.0
w926h3,Daewoo,Eurovan,2001.0
W108R7,Ford,6 Series,2000.0
q317n6,Tesla,Sierra 1500 Regular Cab,2014.0
g039m2,Kia,G,1997.0
j765g8,Mercedes-Benz,Malibu,2018.0
z972O9,Isuzu,Sierra 1500 Crew Cab,2007.0
F687F5,Oldsmobile,Terrain,2002.0
a389v3,BMW,4Runner,2017.0
j550q8,Kia,A4 allroad,2002.0
s926T9,BMW,Continental,2020.0
c711e8,Ford,A8,2020.0
a320W4,Mercedes-Benz,Express 2500 Passenger,2012.0
P752D2,Audi,GranTurismo,2007.0
G586c8,GMC,3500 Regular Cab,2016.0
e918V9,Dodge,Sequoia,2017.0
M634A8,GMC,Colorado Crew Cab,1999.0
o769Z9,Toyota,Expedition EL,2015.0
G002K4,Dodge,Yukon XL 2500,2016.0
q451t7,Kia,599 GTB Fiorano,2019.0
k666P0,BMW,S8,2012.0
d234c5,Hyundai,H1,2007.0
M762T7,GMC,Eurovan,2018.0
c125N6,Hyundai,Ram Wagon 3500,2000.0
g767E0,Mercury,New Yorker,2013.0
N200i9,Bentley,Corolla,2008.0
m518y5,Lincoln,Model S,2014.0
S710D9,Acura,Montana SV6,2005.0
s951Y9,GMC,4C Spider,2005.0
H264Y1,Toyota,M4,2009.0
x306W7,Acura,Mustang,1992.0
c375c1,Pontiac,Malibu,2003.0
Q740K8,Toyota,Tucson,2008.0
X933O1,Rolls-Royce,Suburban 1500,2010.0
t886h8,Ford,Navigator,2013.0
f269g6,Ford,Silverado 1500 Double Cab,2007.0
X611j6,Dodge,LR3,2007.0
b076F6,Subaru,MAZDA6,2016.0
e541h5,Lincoln,Diamante,1998.0
l505a5,Volvo,Neon,2015.0
j351n9,Land Rover,Camry,1997.0
s031x0,Honda,e-Golf,2007.0
l093D2,Suzuki,MAZDA5,2013.0
i175b4,Nissan,Corolla,2017.0
s355s7,Acura,Sprinter 3500 XD Cargo,2012.0
f852g9,Mitsubishi,Cayenne,2003.0
y894j2,Lexus,Express 3500 Cargo,2003.0
p235p8,Ford,Caprice Classic,2008.0
Q245c6,Oldsmobile,Suburban 2500,2011.0
e290S6,Dodge,B-Class,2004.0
J126A4,Maybach,Liberty,2013.0
O296w4,Nissan,F450 Super Duty Crew Cab,2005.0
O137H5,Scion,Model X,2019.0
A066U0,GMC,RAV4,2012.0
s573E5,Audi,SL-Class,2002.0
h121J4,Ford,Tundra Double Cab,2018.0
l927X6,Honda,Sonic,2016.0
D662v3,Lincoln,Explorer,2004.0
O825O7,Chevrolet,Altima,2014.0
a173S4,Hyundai,Express 2500 Passenger,2014.0
n797t0,Nissan,Yukon XL 2500,2001.0
j148B9,Chevrolet,Continental,2006.0
I717W3,Nissan,Bonneville,2012.0
r640Q1,Honda,QX,2020.0
H004L6,Chevrolet,X3,2006.0
w671s4,Toyota,3500 Regular Cab,2014.0
e391Y0,Ford,B-Class,2003.0
h448H5,Saturn,Rendezvous,1998.0
s321s6,Aston Martin,Mercedes-AMG G-Class,1996.0
O829n8,Aston Martin,Rapide S,2011.0
z816V8,Kia,S6,2007.0
K447O5,Audi,Montero,2006.0
y221z1,Scion,Escape,1999.0
Q972t8,Lexus,Cavalier,2003.0
E576F3,Nissan,Cabrio,2019.0
C857t0,Ford,Sienna,1996.0
n270b9,Honda,I,2012.0
H576e0,Rolls-Royce,7 Series,2001.0
c160h5,Nissan,Sonoma Regular Cab,2010.0
U904o4,Ford,Corvette,2013.0
g294B3,Ford,Stratus,1992.0
v756A2,Dodge,Milan,2018.0
H627u2,GMC,Gallardo,2007.0
w232Y7,Jaguar,Ram Van 3500,2003.0
U667o6,Rolls-Royce,S60,2015.0
T373d9,Honda,Mariner,2006.0
l603x1,Mercedes-Benz,3500 Regular Cab,1998.0
t023N9,BMW,Golf SportWagen,1997.0
A184D5,MAZDA,Sierra 2500 HD Regular Cab,2005.0
L088D6,Mercedes-Benz,ProMaster City,1999.0
v747r3,Ford,Stratus,2018.0
w000a2,Freightliner,Regal,2014.0
Y402B1,Chevrolet,TITAN XD Crew Cab,2015.0
o396D8,Ford,Tucson Fuel Cell,1994.0
M359f1,GMC,Odyssey,2003.0
u558q7,Dodge,Mercedes-AMG SLK,2018.0
x080f3,Plymouth,A6,2015.0
m385q3,Buick,Sprinter 2500 Cargo,2003.0
q448E6,Volvo,Regal,1995.0
J530e4,Chevrolet,S60,2003.0
d077Z7,GMC,RX-8,2012.0
h677f7,Chevrolet,TSX,2017.0
A131n2,Chevrolet,A5,1997.0
J791W6,Dodge,Forte,1995.0
F602o3,Chevrolet,D150 Regular Cab,2011.0
B245g5,BMW,MDX,1997.0
Y849m8,Ford,Tracker,1996.0
D478I9,HUMMER,1500 Regular Cab,2014.0
h443N0,Honda,Loyale,2001.0
n126s3,Mercedes-Benz,Santa Fe,2002.0
d088h6,Subaru,Silverado 3500 HD Regular Cab,2002.0
w641o9,MAZDA,Mercedes-AMG GLA,2000.0
e843H3,Pontiac,A4,2019.0
O453E5,Mercury,Canyon Extended Cab,2009.0
Z492a2,INFINITI,Cooper,2017.0
L885O5,Chevrolet,Jetta,2019.0
l026G2,GMC,Sierra 3500 Regular Cab,2013.0
K123X7,Nissan,Equinox,2004.0
W332y3,Cadillac,Flying Spur,2011.0
O599F2,GMC,XC90,2015.0
M190w8,Kia,Touareg 2,2004.0
o774J0,Hyundai,Dakota Extended Cab,2014.0
u277T8,Aston Martin,Century,2016.0
z142T9,Ford,Viper,2009.0
d354n6,INFINITI,LC,2011.0
C053Q5,Chevrolet,Avalon,1998.0
t345b2,Suzuki,Rainier,1993.0
U598O0,Isuzu,Prius,2017.0
O250d7,Ford,Previa,1992.0
o030P0,Lexus,CLS-Class,2004.0
Q510B5,Dodge,Expedition EL,2011.0
j237w6,Volvo,Probe,2010.0
y425a6,Ford,Prius Plug-in Hybrid,2008.0
Z648V8,Mercury,Silverado 3500 Regular Cab,2018.0
A709y1,Land Rover,Edge,2003.0
N208Q2,Honda,500c,2015.0
p821l5,Daewoo,Sebring,1993.0
k302T8,Volkswagen,A8,2001.0
N169O1,Chevrolet,Vibe,2017.0
c729q9,Suzuki,S2000,2004.0
F560f0,MAZDA,Mercedes-AMG GLS,2004.0
p542G7,Hyundai,Mirage G4,2001.0
r526Z5,Chevrolet,F250 Super Duty Super Cab,2012.0
H760s4,Lexus,C30,1998.0
K870J8,Toyota,Jetta SportWagen,2016.0
U407h6,Dodge,Hardtop 4 Door,1993.0
b657r0,Lexus,RX,2002.0
R049W4,Volkswagen,Ram 3500 Regular Cab,2001.0
y388q5,Hyundai,Sequoia,1999.0
Z319p5,Cadillac,Vision,2014.0
j985v2,Porsche,Grand Cherokee,2017.0
j090w9,Pontiac,Highlander,2007.0
F544Y5,Ford,Quest,1999.0
a696Y2,Lexus,Veracruz,2007.0
i290v7,Scion,599 GTB Fiorano,1994.0
m074e9,McLaren,Taurus,1998.0
H864k2,Volkswagen,Grand Marquis,2010.0
G129O1,Lincoln,Savana 2500 Cargo,2008.0
r896t6,Ford,M3,2009.0
q406I4,Audi,RLX,2009.0
m885T5,Chevrolet,Odyssey,1992.0
j620Y8,Toyota,Sierra (Classic) 2500 HD Regular Cab,2016.0
c965J7,Chevrolet,Pathfinder,2008.0
x693H0,INFINITI,Metris WORKER Cargo,2019.0
b235U7,Cadillac,GS,2007.0
l393W4,Alfa Romeo,Cobalt,2015.0
p619V7,Oldsmobile,Touareg,2014.0
k781C3,BMW,XL-7,2008.0
q166B4,INFINITI,2500 Extended Cab,2015.0
t595b1,Ford,Club Wagon,2011.0
W704z3,Pontiac,Tucson Fuel Cell,2002.0
L666D0,Lexus,Neon,2008.0
T592r9,Toyota,Ranger Regular Cab,2004.0
H506i7,BMW,2500 Mega Cab,2014.0
x019a5,Chrysler,X5,2003.0
E131c8,Chevrolet,3-Sep,2015.0
i505W6,Hyundai,Uplander Passenger,2005.0
j462z9,Chevrolet,RAV4,2011.0
i480i2,Ford,S10 Regular Cab,1997.0
J708S0,BMW,3500 Club Coupe,2018.0
f625f9,HUMMER,Ram 1500 Quad Cab,2014.0
Z824q3,Kia,XE,2011.0
D544j8,Hyundai,Carrera GT,1998.0
O782L0,MAZDA,Outlander PHEV,1995.0
e280m5,Audi,CT,2003.0
H793k7,Kia,Blazer,2018.0
d527I8,Toyota,Yukon XL,2009.0
X185f0,Toyota,Golf,2015.0
K169C5,Ford,Galant,2012.0
O568h5,Hyundai,Eurovan,1999.0
U250i2,MAZDA,Ram 3500 Quad Cab,2013.0
c059A3,MAZDA,Ram 3500 Regular Cab,2000.0
M046X0,Ford,Mystique,2014.0
d251C6,Ford,S80,2015.0
R599t4,Buick,Q7,2000.0
b976D2,Hyundai,Elantra,2001.0
w436g1,Ford,Axiom,2011.0
l105z0,Hyundai,Sebring,2012.0
Y905J7,Honda,QX,2019.0
I771z0,Dodge,Sprinter 3500 XD Cargo,2012.0
f408v1,Chrysler,Mercedes-AMG SLC,2013.0
j517H0,Dodge,Malibu,2017.0
v400k6,Lincoln,i-370 Crew Cab,2005.0
X822k2,Mercedes-Benz,Crown Victoria,2018.0
E395O0,Plymouth,Voyager,2001.0
O603s3,Nissan,Metro,1997.0
o523k5,Chevrolet,Escort,2011.0
i675y9,Audi,Eclipse,2018.0
a902R9,Chevrolet,F-TYPE,2014.0
b622u0,Lexus,Expedition MAX,2008.0
X800h0,Land Rover,Yaris,2018.0
R992Y2,Lincoln,Clubman,2003.0
K606R6,Isuzu,Lancer,1999.0
G532n5,Ford,Escalade,2016.0
A861K2,MINI,Colorado Extended Cab,2006.0
p516E6,Chevrolet,Express 2500 Cargo,2006.0
P636E3,Dodge,UX,1995.0
r691H4,Chevrolet,Silverado 2500 HD Crew Cab,2004.0
N580X9,Jeep,HHR,1995.0
N734u0,Ford,3 Series,2012.0
j618T0,BMW,Sprinter 2500 Passenger,2007.0
B606g6,Toyota,E250 Super Duty Cargo,2009.0
k797v2,Mitsubishi,E150 Super Duty Cargo,2010.0
s762W9,Chevrolet,Accent,1993.0
j815O5,Chevrolet,C-Class,1999.0
m578q0,Kia,Venture Cargo,2018.0
y295O4,Mitsubishi,Savana 3500 Passenger,1999.0
c048R6,Dodge,Rapide S,2017.0
w646i3,Lexus,Sportage,2016.0
k219b5,Kia,Celica,2011.0
e696P7,Dodge,Sierra 1500 Regular Cab,2001.0
i168k8,GMC,Vibe,2018.0
b232H3,Porsche,Vantage,1997.0
V275s9,MAZDA,Savana 2500 Cargo,2008.0
k516v4,Mercedes-Benz,Colorado Regular Cab,2001.0
y858V2,Kia,F350 Crew Cab,2008.0
w843y6,GMC,Altima,2007.0
A784g6,Ford,300ZX,1999.0
M220O9,Chevrolet,FX,2008.0
P813M9,Cadillac,X6,2015.0
k814y9,Chevrolet,Acadia,2002.0
x100U1,Volvo,LX,2008.0
x751L7,Kia,G-Series G10,1996.0
J473J2,Lexus,Accord,2015.0
P182k0,Ford,A8,2015.0
C869T3,Oldsmobile,Z4,2010.0
i640y9,Oldsmobile,Tucson,2011.0
y279Z0,Kia,S60,1996.0
o196G5,Lexus,QX,2010.0
g707r9,Mercedes-Benz,Mountaineer,2008.0
E878q6,Oldsmobile,F150 Super Cab,2015.0
k238t5,Audi,Ram Van B250,1996.0
e927E1,Hyundai,Safari Cargo,2019.0
f696q8,Jeep,Camry,2014.0
j731x4,Lexus,J,2017.0
L120J2,Nissan,FJ Cruiser,1997.0
J300S6,Buick,F150 SuperCrew Cab,2010.0
J971w7,Kia,Nitro,2003.0
o510F3,Mitsubishi,GX,1997.0
F443w0,Land Rover,Niro,1995.0
t851K1,Volkswagen,Ram 2500 Club Cab,1999.0
W635j6,Lincoln,Land Cruiser,2011.0
Q343Y7,Eagle,CC,1997.0
i546X9,Mercedes-Benz,Galant,2007.0
E165o8,Jaguar,Sierra 3500 HD Regular Cab,2015.0
w556z4,Chevrolet,Grand Caravan Passenger,2007.0
h417C4,Toyota,Sprinter 2500 Cargo,2018.0
v253F2,BMW,V60,2007.0
D316G6,Acura,Dakota Club Cab,2000.0
R799z3,Toyota,H2,2005.0
u847H3,Subaru,Sierra 1500 Extended Cab,2019.0
z017o5,Audi,Talon,1994.0
A609f0,Mercedes-Benz,Accord,2005.0
h435l2,Ford,Talon,2018.0
a503y0,Hyundai,HS,2018.0
M802M1,Toyota,Kizashi,2006.0
a317H3,Audi,fortwo electric drive cabrio,2005.0
l961o8,Dodge,NV1500 Cargo,2011.0
Z366a7,Nissan,5 Series,2014.0
N636r0,Volvo,Titan Crew Cab,2013.0
v095R5,Jeep,Sonata,2003.0
f729q8,Mercedes-Benz,Spectra,2009.0
S114j0,Acura,911,1999.0
K926Q3,BMW,Voyager,2015.0
G536h8,Isuzu,Liberty,2013.0
G817C1,GMC,Land Cruiser,2015.0
v727i8,Nissan,500L,2017.0
K646G1,MAZDA,Savana 3500 Cargo,2013.0
w537E3,Volkswagen,Transit Connect Cargo,2013.0
J607z0,Mercedes-Benz,Express 2500 Passenger,2017.0
q736E3,INFINITI,Savana 3500 Passenger,1999.0
s723x7,Ford,A6,2009.0
R792f8,Chevrolet,xB,2019.0
d348j1,Subaru,B-Series Cab Plus,2017.0
Z505k9,BMW,Jetta,2014.0
F763m6,Ford,Flex,1996.0
W260R5,Toyota,Land Cruiser,2002.0
H835I2,Volvo,Venza,1997.0
O996S2,Mercury,e-tron,2007.0
M979C3,Nissan,Lancer,1993.0
u037J9,Volkswagen,3500 Mega Cab,1995.0
i300p0,Chevrolet,2500 Extended Cab,2009.0
W793H1,Volvo,Express 2500 Passenger,2003.0
R645m7,Buick,Econoline E150 Passenger,2005.0
T258C5,Lexus,Sonata Hybrid,2019.0
e675j7,BMW,1500 Crew Cab,2009.0
D312T6,Pontiac,Eclipse,2012.0
b835z0,MAZDA,Grand Prix,2005.0
K316Y9,Ford,3 Series,2011.0
Q683i0,Toyota,Loyale,2006.0
I874I6,MAZDA,T100 Xtracab,2005.0
W119a7,Toyota,QX70,2006.0
t369f5,Nissan,CR-V,1993.0
L039G0,MAZDA,Ranger Super Cab,2004.0
h527L4,Suzuki,V70,2006.0
y743V6,INFINITI,Crown Victoria,2001.0
q853f9,Chrysler,R8,2015.0
K025F9,Chevrolet,XTS,2000.0
u187y6,Ford,Express 3500 Passenger,2020.0
Q016i9,Lincoln,Canyon Crew Cab,2012.0
p201c6,Cadillac,SVX,2001.0
w446s1,Ford,Crosstour,1995.0
I593d8,Chrysler,Corolla iM,2014.0
k588F0,Mercedes-Benz,SL,1996.0
w045g2,Lexus,E250 Super Duty Cargo,2000.0
q986K1,MINI,Raider Extended Cab,2008.0
i181F9,Audi,Sephia,2008.0
g083J5,GMC,Colt,1995.0
m323M6,Dodge,Colorado Crew Cab,2005.0
U752w4,Chevrolet,Quest,2014.0
u833i7,Jaguar,GS,2014.0
Q480u1,Mitsubishi,Ram 3500 Quad Cab,2004.0
N450a1,Mercedes-Benz,Outback,1993.0
m412G4,Mercury,XC70,2019.0
A857G1,Chevrolet,3000GT,2014.0
L861D1,Honda,9-2X,1997.0
O524B3,Chevrolet,XC90,1992.0
O400r0,Lotus,Cobalt,2013.0
P155s8,Daewoo,Accord Hybrid,1992.0
q038M2,Mercury,Ranger Super Cab,2000.0
L066o4,GMC,500,2012.0
C458T7,Acura,Intrepid,2017.0
H165d2,Honda,Aztek,2009.0
p376f0,Chevrolet,Lumina,2004.0
C412a2,Jeep,Prius Prime,2007.0
H586p1,Mercedes-Benz,Mustang,2020.0
B744E6,BMW,2500 Regular Cab,2003.0
m028p5,Ford,3 Series,2003.0
l234J2,Volvo,900,1999.0
o480U2,Pontiac,Eldorado,2015.0
i623L8,Plymouth,Viper,2006.0
Z238Y4,Honda,S4,1998.0
A073k0,Chrysler,NV2500 HD Cargo,2018.0
y686I3,Land Rover,S-Series,2005.0
f871I2,Chevrolet,Elantra,2017.0
V010z3,Dodge,Mercedes-AMG GT,1994.0
Q746z5,Buick,Bolt EV,2007.0
p412V9,Hyundai,RAV4,2003.0
Z300e8,Ford,Malibu,2002.0
M737O2,Aston Martin,Charger,2002.0
j840w9,HUMMER,Discovery,2018.0
P554S8,Toyota,Explorer,2015.0
Z420U7,MAZDA,Expedition MAX,1995.0
E396t5,Cadillac,Ram Wagon B350,2003.0
Z727S4,Nissan,Canyon Extended Cab,2017.0
z559L6,Kia,Excel,2013.0
p684m9,Nissan,NV2500 HD Cargo,2009.0
k634G8,Hyundai,Silverado 3500 HD Regular Cab,2009.0
X298G8,Audi,300,2014.0
t754D6,Nissan,Sportvan G10,2014.0
D803S4,Volvo,RX,1996.0
g103q9,Nissan,S80,2017.0
l032Q9,Ford,Lanos,2010.0
R594Q0,Dodge,Talon,2014.0
t009p2,Saturn,Paceman,1998.0
f675L5,Ford,Mercedes-AMG E-Class,1994.0
a610M2,MAZDA,Passat,2005.0
y845m3,Cadillac,Optima,2016.0
Q522j7,Jeep,SL-Class,1992.0
L998O6,Toyota,Matrix,2004.0
M300c6,MAZDA,Durango,2015.0
t281v6,Mitsubishi,A3,2019.0
i930u5,Subaru,F350 Super Duty Regular Cab,2019.0
v477r9,Audi,Sierra 1500 Extended Cab,2018.0
G172q1,Saab,Macan,2007.0
A869Q7,Hyundai,E-PACE,2013.0
R296Q2,Volvo,HR-V,2002.0
V191E2,Kia,Ram Van 2500,2005.0
r416Y4,Dodge,CLS-Class,1993.0
Z158e8,Buick,Altima,2013.0
X009i0,Mercedes-Benz,A6,2009.0
b166u7,Chevrolet,Sierra 1500 Regular Cab,2018.0
V216o9,Toyota,ELR,2015.0
d036M0,Jeep,IS,2019.0
A628z4,Lincoln,Econoline E150 Passenger,2019.0
j807J8,Ford,300,1993.0
f239K2,Lexus,3500 Crew Cab,2017.0
n744z4,Hyundai,3500 Extended Cab,2002.0
a008O1,Kia,Range Rover Velar,1996.0
i422h8,BMW,Compass,2006.0
v505L2,Buick,Sonic,1998.0
q115C3,Nissan,Sportage,1996.0
H577f8,Mercury,RAV4,2020.0
X157z6,Toyota,MDX,2014.0
H878e6,Saturn,Traverse,2014.0
u326j8,Hyundai,Sentra,2010.0
y122P0,Kia,Accord,1998.0
r911K8,Audi,Express 2500 Cargo,2011.0
L457u6,Lamborghini,Yukon XL 2500,2006.0
o978X5,Chrysler,Accent,2005.0
v806Y5,Toyota,Routan,2001.0
e803E9,INFINITI,Caravan Passenger,1993.0
p156I9,Toyota,F250 Super Duty Super Cab,1993.0
c088K1,Volvo,RAV4,1992.0
v505r2,Ford,Wrangler,2013.0
Z776P0,Ford,Suburban,2019.0
c375W2,Ford,del Sol,2020.0
S782s6,Volvo,F250 Super Duty Crew Cab,2016.0
T973D0,Dodge,Durango,2014.0
C992u9,Audi,XF,2001.0
X956O9,Chevrolet,100,2006.0
p286x6,Toyota,Camry,2004.0
q643p3,GMC,Genesis Coupe,1995.0
p895M7,Chevrolet,488 Spider,2015.0
p592j5,GMC,Corrado,2005.0
T482T8,Buick,Aurora,2000.0
n917S7,Saturn,Skylark,2003.0
p295T9,Ram,Boxster,2010.0
s187y3,Mitsubishi,XC90,1992.0
A483u5,Buick,HHR,2008.0
M003k3,Hyundai,Town Car,1994.0
G871s4,Ford,Ram 2500 Regular Cab,2010.0
d765h6,Chrysler,RS 3,2006.0
N052U4,Lexus,Renegade,1994.0
A874E8,Ford,Continental,2003.0
Y531O1,Kia,Town & Country,2003.0
G180v9,Toyota,Genesis,1999.0
b919c3,Land Rover,fortwo,2013.0
z141T9,Chevrolet,Ram 3500 Regular Cab,2002.0
m299r8,Nissan,Grand Cherokee,1996.0
o422i9,Nissan,Yukon,2005.0
Y234t7,Audi,Tacoma Access Cab,1998.0
f294i3,Buick,Niro,2012.0
b623w9,Ford,ES,1992.0
f872U4,Ford,CTS,2003.0
a949j3,Bentley,Cayenne,1993.0
i390j6,Porsche,3500 Crew Cab,2002.0
u780o8,Toyota,Legacy,2011.0
o275P7,GMC,650S,2015.0
F431r5,Nissan,7 Series,2013.0
n589s4,Mitsubishi,Frontier King Cab,1992.0
y861h2,Chevrolet,Oasis,2017.0
T918D2,GMC,Sierra 1500 Extended Cab,1994.0
m264W8,Chevrolet,iQ,2013.0
u214y7,Jaguar,TSX,2013.0
V805U6,Bentley,LS,1995.0
K682j8,Mitsubishi,Suburban 2500,2004.0
H049W7,Mercedes-Benz,Impreza,2015.0
n963z7,INFINITI,XF,2014.0
h118G6,Chevrolet,Jetta,2006.0
o720p3,Volvo,Impala Limited,2004.0
e196J6,Dodge,Pilot,2010.0
F383f3,Volvo,Envoy,2003.0
M318m2,Chevrolet,Continental,2007.0
B898M9,Land Rover,Odyssey,2016.0
Y647b9,Lexus,Durango,2020.0
m553C0,Suzuki,M3,2016.0
j383p0,Scion,E-Class,2016.0
r771P9,Pontiac,Challenger,2004.0
Q465f4,Mercedes-Benz,Model S,2020.0
N917N5,Subaru,Caravan Cargo,1998.0
p132b6,BMW,IS,2000.0
O742x8,INFINITI,Jetta,2009.0
u218R5,Buick,Q7,2014.0
s153H3,Mercedes-Benz,Sixty Special,2017.0
j666C0,Ford,Impala,2019.0
m142M8,Cadillac,M3,2002.0
j752K9,BMW,Venture Cargo,2002.0
k643i1,MAZDA,Explorer,2015.0
c786t2,INFINITI,F150 Super Cab,2000.0
P791g5,Porsche,Compass,2004.0
c173b8,Mitsubishi,F250 Super Duty Crew Cab,2006.0
V917L4,Dodge,Ram Wagon 3500,1999.0
p486O2,Audi,Millenia,2016.0
F198P2,Suzuki,Econoline E250 Cargo,1997.0
T303M2,Audi,Echo,1998.0
l229e9,Mercedes-Benz,Versa,2010.0
N141D4,GMC,Sprinter 2500 Passenger,2014.0
c949T6,Ford,LaCrosse,1999.0
w127v0,Cadillac,3 Series,1998.0
s466P0,Mitsubishi,Corrado,2002.0
U331j9,Ford,Golf,2009.0
u383a7,Oldsmobile,X5,2016.0
J469i8,Cadillac,V60,2004.0
m598t6,Audi,fortwo,2018.0
Z174P3,Nissan,J,2012.0
j441C5,Land Rover,Frontier Crew Cab,2002.0
O067X0,GMC,Ram 1500 Regular Cab,2016.0
D489N6,Chevrolet,Vandura 1500,2005.0
a983r2,Dodge,SRX,2020.0
F164E3,Lexus,Yaris,1997.0
M486F2,Nissan,Cobalt,2011.0
v420q3,Lexus,Defender 90,2005.0
u106N4,Geo,Colorado Regular Cab,2017.0
P356h2,Honda,CR-V,1992.0
l357R7,Dodge,Matrix,2004.0
x566L6,Chevrolet,Express 2500 Cargo,2010.0
i118g7,Mitsubishi,CX-9,1998.0
p086z7,Toyota,Veracruz,2003.0
M160k4,INFINITI,Q7,2002.0
J448Q1,Subaru,Swift,1998.0
f502v0,Audi,Maxima,2005.0
x573Q3,Suzuki,Town & Country,2005.0
k974C8,Chevrolet,i-290 Extended Cab,2016.0
g601v0,Lexus,RAV4,2015.0
G348X1,Lincoln,Sportage,2005.0
N411s8,Mercedes-Benz,A6,2005.0
C031k2,Pontiac,S5,2016.0
C274T2,Dodge,H2,1999.0
b908h6,Mitsubishi,Sierra 1500 Extended Cab,1993.0
n141q6,Nissan,Corvette,1996.0
G637J9,Mitsubishi,5 Series,2010.0
L526A0,Toyota,3 Series,2020.0
G934u5,Volkswagen,G-Series 1500,2006.0
r774X5,Porsche,Jetta,2001.0
u223P7,Ford,Storm,2018.0
Y057S9,INFINITI,MDX,2009.0
D430U1,Mitsubishi,Sonata,2013.0
S823M6,Porsche,NV3500 HD Cargo,2004.0
F582A0,Land Rover,Ram 1500 Regular Cab,2018.0
m775K0,Lincoln,Silverado 2500 Regular Cab,1994.0
Q317f2,Hyundai,Tucson,2016.0
r886n9,MINI,LX,1999.0
E160T8,Land Rover,XT5,1995.0
s503W9,Toyota,DB11,1994.0
e678c4,Lincoln,Ram 3500 Mega Cab,2011.0
y156Y6,Volkswagen,S10 Crew Cab,1998.0
J347a6,BMW,Z8,2011.0
z647R2,Chevrolet,2 Series,2009.0
t669E9,MAZDA,Trans Sport,2005.0
L854P6,GMC,RSX,1999.0
C250C6,Mercedes-Benz,Cabrio,2017.0
o413y5,Buick,Sierra 1500 Crew Cab,2016.0
l095F2,BMW,Insight,2014.0
c112o9,Nissan,RL,2012.0
R208B6,Eagle,HHR,2012.0
t246I7,Chrysler,F250 Super Cab,1997.0
g027Q2,BMW,Elantra,2016.0
t174z4,Dodge,FF,1996.0
W094D5,MAZDA,V70,2013.0
D104O3,Chevrolet,Loyale,2005.0
e483B6,Hyundai,C70,2009.0
a001s5,Toyota,QX30,1993.0
N400c0,Dodge,4Runner,2010.0
P292f7,Buick,C70,2005.0
i920Y8,Lincoln,Navigator,2019.0
X111Q9,Land Rover,Renegade,1993.0
B131f7,Ford,Sephia,2011.0
U177k8,Mercedes-Benz,Town Car,2009.0
U812B5,GMC,F250 Super Cab,2015.0
c821U8,Bentley,Ram Wagon 1500,2008.0
x831H6,BMW,8 Series,2014.0
z589t8,Ford,TITAN XD Single Cab,2012.0
M391z2,Dodge,Legend,2015.0
x545b8,MINI,Evora,2005.0
V002R4,Toyota,B9 Tribeca,2014.0
F322V1,Pontiac,Liberty,2012.0
i724c4,Mercury,ES,2012.0
O255g3,Chevrolet,GS,2018.0
u872m4,BMW,Ram 2500 Club Cab,2012.0
Z193z5,Kia,Corolla,1995.0
w146c8,Honda,900,2001.0
W536A0,Hyundai,Civic,1992.0
c842V4,Ford,Excursion,2019.0
a415X6,Mercedes-Benz,G-Series 1500,2006.0
x432H4,Ford,M,2020.0
K127N3,Cadillac,Dawn,2015.0
S916R4,MINI,Safari Passenger,2011.0
Z040M0,Maserati,Corolla,2001.0
o252L6,MAZDA,TSX,1997.0
W830m8,Ford,Yaris,2004.0
N787v9,INFINITI,TSX,2000.0
A551x0,Lincoln,Prizm,2006.0
W273M6,Pontiac,RS 3,2014.0
A039W7,Lincoln,Dawn,2014.0
y622C6,Toyota,Range Rover,1994.0
K341a2,Chevrolet,Accord,2018.0
q421l2,Ford,Safari Cargo,2011.0
u648I6,Nissan,Galant,1992.0
q677M1,Mercedes-Benz,Tempo,2011.0
y544M4,GMC,JUKE,1995.0
G807m8,Dodge,LX,2003.0
b646A0,Lexus,Suburban 1500,2017.0
b814F0,Hyundai,2500 Club Coupe,2019.0
E685H8,Volvo,Express 2500 Passenger,2004.0
l787Z9,Pontiac,Mercedes-AMG E-Class,2019.0
n909t5,Hyundai,Range Rover Evoque,1996.0
k613Y1,GMC,Cherokee,1999.0
u972C7,GMC,Mercedes-AMG SL,2000.0
v274T7,Ferrari,LR2,2003.0
G830q5,Dodge,Ram Wagon 3500,2005.0
t689i1,Volvo,Tribute,2017.0
v822m1,Chevrolet,GS,2007.0
e007K7,Toyota,Sundance,1998.0
K802i7,Toyota,Sportage,1998.0
w941i4,Volkswagen,Escalade EXT,2003.0
g750g5,Honda,CC,2001.0
L914x4,Maserati,TSX,2019.0
z207O6,Audi,Frontier Crew Cab,2010.0
F316B4,Mercedes-Benz,RS 4,2009.0
Z762n6,Dodge,Avalon,2005.0
Z634i1,Toyota,Xterra,2012.0
Z755Z4,GMC,Civic,2018.0
D753i2,Audi,Cutlass Supreme,1993.0
g537I2,Audi,fortwo,1997.0
l997f5,Ford,Yukon,2006.0
Q524T5,Porsche,Stratus,2016.0
W116u5,MAZDA,3 Series,2017.0
Q450P3,BMW,Sportvan G30,2016.0
k422E8,Chrysler,F150 Super Cab,2015.0
T318g4,Acura,Panamera,1995.0
D061F6,Nissan,Savana 1500 Cargo,2016.0
j220O1,Isuzu,G,2013.0
s169f1,Buick,RL,2012.0
V991t3,Chevrolet,Odyssey,2014.0
S628r7,Toyota,XK,1994.0
l526k4,Mercedes-Benz,Terrain,1999.0
R138V5,Subaru,Civic,2008.0
B715Z8,MAZDA,Pacifica,2017.0
w470l2,Jaguar,Navigator L,2006.0
i733W1,Ram,Mercedes-Maybach S-Class,2019.0
W761o5,Toyota,fortwo electric drive,2013.0
p152N3,Chevrolet,Maxima,1996.0
L857O5,Dodge,Savana 2500 Cargo,2000.0
b784N4,Subaru,Avalon,1996.0
G924J3,Toyota,Discovery Series II,2015.0
h147d2,Kia,Hombre Regular Cab,2006.0
N788K8,Hyundai,Cobalt,2010.0
M866Y5,Chevrolet,RX-8,2019.0
j535H7,Honda,NX,2009.0
f072J0,Freightliner,tC,2006.0
u021t0,Saab,Milan,2018.0
U310l3,Volkswagen,Land Cruiser,2015.0
R568x9,GMC,Ghibli,2003.0
M636V0,Chevrolet,Sierra 1500 Regular Cab,1992.0
V390a7,smart,Impala,2007.0
L623O1,Toyota,Intrepid,2000.0
X254C4,Chevrolet,F150 Super Cab,2004.0
v586Z7,Dodge,Cirrus,2018.0
Y484I7,Chevrolet,Yukon,2003.0
W565r6,Mercedes-Benz,H3T,2017.0
z037B4,Lotus,Impala,2013.0
k227N3,Honda,Tahoe,2019.0
G314k8,Dodge,2500 Regular Cab,2002.0
E927p1,Ferrari,Sportage,2010.0
H621c0,Suzuki,Yukon XL 1500,2009.0
j119K2,Ford,Bravada,1998.0
g355y1,Nissan,TL,1995.0
H725n9,Toyota,C/V,2009.0
C939M9,GMC,SL-Class,2007.0
g412V6,Chevrolet,ZDX,1993.0
r322Y4,Bentley,626,2019.0
I527g5,Nissan,Town & Country,2001.0
m160v0,Mercedes-Benz,Lancer,1993.0
L635h6,Honda,Silhouette,2013.0
F517t9,Toyota,F250 Super Cab,2007.0
v360k5,FIAT,Accord,2012.0
a184Y7,Ram,Montero,2013.0
K922v8,Chevrolet,Intrepid,2003.0
D716s4,Ferrari,E150 Passenger,1995.0
Z060h7,Honda,CR-V,2016.0
M245j4,Ford,Lancer,1995.0
u770j9,Toyota,C-Class,2020.0
K604Z2,Mitsubishi,XL-7,2000.0
C216I8,Chevrolet,Bravada,2005.0
S265J2,Toyota,Sierra 1500 Crew Cab,2017.0
f592p1,MINI,MX-5 Miata,2011.0
b137Y3,Chevrolet,Compass,1996.0
L654q5,Audi,Grand Cherokee,2010.0
C780B4,Subaru,Sprinter 2500 Crew,1996.0
M370U8,Pontiac,Q5,2014.0
w653s9,MAZDA,XC70,2004.0
Z224h3,Chevrolet,Previa,2009.0
Z562q4,Mercedes-Benz,Transit 350 Wagon,1998.0
Q926e0,Mercedes-Benz,MDX,2005.0
e266R1,Chevrolet,F250 Super Duty Regular Cab,2000.0
n938u1,Toyota,Taurus,2007.0
X789k1,Mercedes-Benz,Tiburon,2003.0
d299C9,Suzuki,Continental,2002.0
F438e0,Volkswagen,Express 1500 Cargo,1993.0
k009F3,Ford,Colorado Extended Cab,2001.0
V384K9,Honda,Convertible,1996.0
Z125Y8,Chevrolet,Savana 2500 Passenger,2015.0
I095Y4,Toyota,968,1996.0
K394A0,Ford,Silverado 2500 HD Extended Cab,2009.0
X515w4,Toyota,612 Scaglietti,1999.0
w149c2,GMC,Q60,2012.0
B096o0,Ford,F150 Regular Cab,2017.0
a697l4,Chevrolet,cube,2016.0
P978X1,Ferrari,Traverse,2011.0
z001y2,Volkswagen,Insight,2004.0
g923b8,Rolls-Royce,Kicks,2019.0
k066y4,Ford,Camaro,2007.0
m056G8,Ford,Bravada,1997.0
A593F0,Chrysler,Sunfire,2017.0
D803U5,Oldsmobile,Esteem,2016.0
c293m3,Hyundai,Fusion Energi,2020.0
U145t5,Porsche,1 Series,2005.0
r229d6,Bentley,Ram Van 2500,2012.0
k619Y7,Cadillac,Yaris,2013.0
i636J6,MAZDA,Sierra 2500 HD Crew Cab,1996.0
P795N0,Honda,Golf,2020.0
z833F8,Land Rover,DeVille,2019.0
h391j8,Mitsubishi,S90,2017.0
h240i5,Chevrolet,Cooper,2006.0
I989A2,Chevrolet,3500 Regular Cab,2005.0
c405G2,Ram,TSX,2008.0
X379A4,Audi,M-Class,2006.0
m039v4,Toyota,Accord Hybrid,1999.0
s147d5,Porsche,NX,1996.0
m415v4,Honda,Spacecab,2002.0
R333y3,MAZDA,Ram 1500 Quad Cab,2014.0
w184z2,Chevrolet,Transit 150 Van,2016.0
B080R8,Volkswagen,Convertible,2012.0
t143V8,Oldsmobile,S4,2016.0
R118J6,GMC,Spectra,2008.0
s522U1,Mercedes-Benz,L-Series,1996.0
p427I4,Chevrolet,F350 Super Duty Super Cab,2020.0
Z931m7,Audi,e-tron,2015.0
g564Y5,Chevrolet,Insight,2003.0
i275e8,Mercedes-Benz,Niro EV,2007.0
N767t5,Toyota,Mercedes-AMG GT,2003.0
A724S0,Mercedes-Benz,Cayman,2018.0
e179W2,Cadillac,Bravada,2019.0
O163g4,Ford,DeVille,2015.0
b694K8,Lexus,Colorado Crew Cab,2002.0
x066o8,Ford,Cutlass Supreme,2018.0
I321M1,Jaguar,Safari Cargo,2014.0
G245p7,MAZDA,Sprinter 2500 Cargo,2011.0
l629v9,Chevrolet,2500 Crew Cab,1992.0
g205G2,Volkswagen,S-Class,2009.0
V593V1,Chevrolet,Express 1500 Passenger,2002.0
N817S8,Nissan,Renegade,1995.0
f745n9,Cadillac,Taycan,2008.0
T064v8,MAZDA,Passat,1996.0
U395Y4,Mercedes-Benz,WRX,2006.0
Q172g0,Kia,E350 Super Duty Cargo,2014.0
C745b4,Lotus,Wrangler,2018.0
U553x5,Mitsubishi,Montero,2012.0
z563O0,Chevrolet,Grand Vitara,2006.0
Y984M6,Volkswagen,TL,1994.0
b081B5,GMC,Sprinter 2500 Cargo,2017.0
Q212J0,Volvo,Cavalier,2003.0
K435f3,Ford,J,1998.0
b365e4,Cadillac,S2000,1996.0
k746U3,Ford,Elise,2014.0
k702K0,Audi,Grand Cherokee,2007.0
Q015o0,FIAT,XTS,2014.0
K374Y4,Mercedes-Benz,911,2003.0
N585G7,Pontiac,RAV4,2017.0
o032g3,Ford,Forester,1993.0
J210f9,Ford,Montego,1998.0
P996C7,Chevrolet,Corvette,1999.0
O609u8,MAZDA,Mustang,2010.0
t832J9,Volvo,Golf SportWagen,2003.0
W469d8,Ford,Suburban 1500,1996.0
z799q3,Kia,S4,1992.0
K841T5,Hyundai,Ram Van 3500,2016.0
C484g7,GMC,5 Series,2010.0
T945B1,Mitsubishi,Ridgeline,1995.0
L501g5,Ford,Panamera,2018.0
b839b0,Chevrolet,Touareg,2018.0
Q471b8,Ford,Frontier King Cab,2005.0
t734Y8,Toyota,Cabriolet,1998.0
C436E9,Chevrolet,Sierra 2500 HD Crew Cab,2010.0
X450M9,Honda,Excursion,2014.0
S941f5,Cadillac,Mountaineer,1995.0
w267r4,Audi,Excursion,2008.0
D932D8,Mitsubishi,Impreza,2011.0
R471l1,Kia,Seville,2013.0
v804x5,Ford,Yaris,1992.0
s065E2,Jeep,MX-5 Miata,1992.0
u088r4,BMW,MPV,2001.0
b951Z5,MAZDA,Savana 2500 Passenger,2004.0
N792s5,Chevrolet,LaCrosse,2010.0
k470p7,Chevrolet,Ram 2500 Regular Cab,2010.0
y531C0,Chevrolet,RX,1999.0
b690R5,Hyundai,Touareg,2014.0
S074l3,Dodge,E-Class,2014.0
d716q8,Ford,S4,2013.0
q120B0,Chevrolet,Impreza,2000.0
v894E1,Jaguar,XC90,2013.0
o954d5,Volkswagen,Touareg,2017.0
T837b8,Geo,E-Class,2011.0
m650T8,Volvo,Santa Fe,2008.0
U183I0,Lexus,Boxster,2005.0
F523I9,GMC,Eos,2019.0
q762l7,Cadillac,Expedition,2012.0
O054r5,Volkswagen,Ranger Super Cab,1999.0
X360R0,Lamborghini,1 Series,1997.0
K129k5,Mercury,A4,2001.0
L008j2,Toyota,Escape,2018.0
l122A8,Scion,Frontier King Cab,2006.0
w605X4,Porsche,Frontier King Cab,1993.0
a903x9,Chrysler,57,1994.0
R551R9,Toyota,Maxima,2004.0
m551x6,MAZDA,ProMaster City,2017.0
H942l3,Toyota,Ram Van 3500,2019.0
u928L1,Pontiac,Mirage,2006.0
N989k1,BMW,Mirage,2010.0
C547l4,Ford,M4,2016.0
u665j1,Pontiac,Tundra CrewMax,2003.0
X425f7,Honda,Rally Wagon 1500,1995.0
j554A5,Lexus,Ram 2500 Quad Cab,2007.0
D332M9,Nissan,Land Cruiser,2011.0
x693i0,Nissan,Forte5,2011.0
Z076g9,GMC,GS,2007.0
S064m9,Chevrolet,TSX,2012.0
z609N3,INFINITI,1500 Crew Cab,2002.0
z779z6,Ram,CX-7,2019.0
u042h2,Mercedes-Benz,Ram 1500 Regular Cab,1998.0
K897y2,Ford,MDX,2017.0
D324Y0,Ford,SLK-Class,2020.0
W575o8,BMW,Tacoma Regular Cab,1992.0
S490i7,Chevrolet,Blazer,2015.0
s435N0,Chevrolet,C70,1994.0
Y630M3,BMW,Fleetwood,2006.0
Z624J9,Maserati,QX,1999.0
Q326V9,Acura,Jimmy,2010.0
T757Z9,Chevrolet,Corvette,2016.0
Q209B6,Lexus,Stratus,2008.0
F542q4,Mercedes-Benz,F150 Super Cab,2008.0
Z693m7,Lexus,Town Car,1993.0
V277V0,Mercedes-Benz,Yaris,2013.0
S638B4,Toyota,1500 Crew Cab,2016.0
j144W2,Buick,Model S,1999.0
w342n2,Bentley,Econoline E350 Super Duty Passenger,2009.0
g992i0,Chevrolet,Pilot,2013.0
l494d4,BMW,Mariner,2000.0
A495q1,Hyundai,4Runner,1996.0
O598q8,Honda,Sprinter 2500 Cargo,2003.0
b188v0,Dodge,940,2015.0
Q697L5,GMC,Caprice,2014.0
Q316f6,Ram,Sonata,2000.0
U948Z5,Pontiac,2500 Club Coupe,2002.0
y200x2,Chevrolet,Camry,2012.0
L055Z8,MAZDA,1500 Regular Cab,2016.0
g968N1,Volvo,S10 Extended Cab,2015.0
P833J5,Dodge,Quest,2013.0
c620O1,Mercedes-Benz,NV3500 HD Passenger,2010.0
S536P9,Kia,M5,2004.0
f163g5,Isuzu,CT6,1994.0
n243y2,Dodge,Safari Cargo,2012.0
H633r0,Lexus,1500 Club Coupe,2017.0
Z638W1,Chrysler,Trax,1996.0
G955o4,Kia,Ridgeline,1993.0
d793K9,Hyundai,2500 Extended Cab,2001.0
Y146c1,Suzuki,ES,1998.0
N155s1,Mercedes-Benz,IS,2005.0
e134g9,Toyota,Panamera,2012.0
o672i5,Dodge,Sierra 3500 HD Extended Cab,1996.0
d320D9,Chevrolet,Soul,2014.0
B788p3,GMC,5 Series,1998.0
l391T5,Toyota,Suburban 2500,2008.0
m417P7,Lincoln,Range Rover,2007.0
Z747C3,Porsche,458 Spider,1997.0
z293w9,Kia,TITAN XD Crew Cab,2010.0
i646U2,Nissan,Wrangler,2010.0
Z987p1,Chevrolet,Cabrio,2008.0
a959t4,BMW,T100 Regular Cab,2004.0
s736L3,Cadillac,Prius,1996.0
B505U0,Chrysler,SSR,2017.0
V098d0,BMW,FF,2012.0
C069v4,Buick,Sportvan G30,2001.0
A086r1,Acura,Aztek,2019.0
w050P0,Audi,Ram Wagon 1500,2017.0
O190g8,Mercedes-Benz,MAZDA2,1995.0
L980L3,BMW,Dakota Club Cab,2005.0
l641h1,Lincoln,Fiesta,1992.0
E283M3,MAZDA,M-Class,2011.0
H463H0,Volkswagen,Outlander Sport,2015.0
z713S2,Ford,Fleetwood,2001.0
W713h3,Nissan,V60,2007.0
q267M6,BMW,Dynasty,2017.0
S380Q8,GMC,Silverado 1500 Crew Cab,2016.0
Z627i9,GMC,VUE,1995.0
E046Q9,Buick,E-Class,2017.0
X796O5,Nissan,Elantra,2009.0
I831G4,Mitsubishi,5-Sep,2014.0
G354B3,Honda,Express 2500 Cargo,1992.0
V446u5,Acura,Versa,1997.0
m314g4,Mercedes-Benz,Passat,2011.0
u368n2,BMW,X6,2014.0
H673x4,MAZDA,7 Series,2016.0
C619R7,Ford,2 Series,2009.0
Z121r8,Volvo,Sonata,2009.0
m406b6,Jeep,Silverado 2500 HD Crew Cab,2018.0
B920v6,Ford,XC60,2000.0
E660Q4,Mercedes-Benz,Element,2006.0
c990j1,Chrysler,Yukon XL 1500,2003.0
U983v2,Ford,Express 2500 Passenger,2010.0
W628F4,Dodge,Avalon Hybrid,2014.0
N314m2,Toyota,Crown Victoria,2011.0
C320r0,Chevrolet,Silverado 1500 Regular Cab,2020.0
D480Z6,Bentley,Prowler,1992.0
P920a2,Cadillac,Legacy,2015.0
u865b1,Mercedes-Benz,Park Avenue,1995.0
y783d4,INFINITI,Countryman,2007.0
n677O2,Audi,QX,2009.0
H188n1,Ford,Range Rover Sport,2007.0
o865V4,Mercedes-Benz,Savana 1500 Passenger,2014.0
f905T4,Saturn,Renegade,2003.0
D992X1,Mercury,XJ,2008.0
B075l4,Honda,Ranger Super Cab,1999.0
B082V2,Cadillac,90,2012.0
L349d8,Ram,RC,2009.0
X030Q9,Kia,Explorer,2009.0
s547r9,Lexus,Golf,1998.0
e855P2,Mercedes-Benz,Cutlass Supreme,2002.0
j781k1,Lexus,Montero,2009.0
q563U8,Ford,5 Series,2011.0
V554a8,Audi,Optima,2016.0
K816T1,Mitsubishi,Z3,2007.0
U671D1,Ferrari,Taurus,2006.0
J262c6,Lincoln,Yukon,2015.0
j564f4,Audi,Land Cruiser,1998.0
Z978M5,Ford,Sierra 2500 HD Regular Cab,2005.0
C380V3,Jeep,2500 Crew Cab,2002.0
I862c8,Ford,Corrado,2016.0
q348d3,Nissan,Tracker,1999.0
i854c6,Kia,Verano,2019.0
C394s3,Ford,Windstar Passenger,1998.0
J006S6,GMC,Lancer,2016.0
A021o5,Dodge,Mercedes-AMG CLS,2007.0
K468j5,Ford,E350 Super Duty Cargo,2008.0
z153W0,Isuzu,458 Speciale,1993.0
G645T3,Volvo,Escalade ESV,2014.0
c399Y9,Cadillac,Vanquish,2005.0
k733l4,Volkswagen,NSX,2012.0
o730z1,Mercedes-Benz,Bonneville,1992.0
N660s2,GMC,Sportage,1994.0
t409F3,Ford,Grand Prix,2002.0
f619Q5,Volkswagen,Sierra 1500 Crew Cab,2020.0
L753c9,Land Rover,ES,2011.0
t157s3,Pontiac,S-Class,2016.0
B101m9,Toyota,F430,2017.0
R737U8,Ford,S-Class,2008.0
j687a2,Nissan,Legacy,2016.0
O871S6,Audi,Sierra 2500 HD Regular Cab,2013.0
X521N9,Bentley,Diamante,2009.0
T579F3,Chevrolet,Ram Wagon 2500,1992.0
s602I4,Kia,Navajo,2004.0
P469F0,BMW,Silverado 3500 HD Regular Cab,2016.0
R174J7,Mercedes-Benz,GranTurismo,2003.0
P579t1,BMW,Expedition EL,2003.0
C367P5,BMW,Cherokee,1996.0
q275P1,Isuzu,Sierra 2500 HD Extended Cab,2012.0
Q939H2,GMC,MAZDA3,2001.0
J412L0,Dodge,G,2005.0
r878l7,Mitsubishi,Sequoia,1998.0
B065d4,Pontiac,300,2005.0
X003P6,Cadillac,S60,2012.0
M106n7,Mitsubishi,Elantra,2006.0
E140M2,GMC,MPV,1998.0
j010C4,Mercedes-Benz,Matrix,2019.0
I233Q3,Ford,F150 Super Cab,1995.0
v007j7,Ram,LR4,2003.0
d109O0,MINI,Seville,2015.0
F364q0,Nissan,F350 Crew Cab,2002.0
x182U1,Plymouth,Ram Wagon 1500,2004.0
R583N8,Toyota,Sportage,1993.0
t938H8,Ram,TT,1997.0
e322g5,Jeep,1500 Regular Cab,1995.0
q466H8,Chevrolet,Thunderbird,2008.0
h215l6,Bentley,Sonata Hybrid,2001.0
K068r0,GMC,B-Series Cab Plus,1998.0
d953c0,Dodge,Escalade,2012.0
O035V1,Audi,S10 Regular Cab,2000.0
d144W7,Mercedes-Benz,XJ,2018.0
r163X4,Acura,Altima,2005.0
I991h2,Acura,Sentra,2003.0
d554e5,Chevrolet,XK,1998.0
a645i4,Chevrolet,Sportvan G30,2020.0
e753B3,Volvo,Titan Crew Cab,1998.0
l581O2,Lexus,Z8,2001.0
s938T1,Porsche,E350 Super Duty Passenger,1998.0
n860D5,Pontiac,H1,2007.0
G993g7,Chevrolet,E150 Cargo,2005.0
u735v9,Toyota,Explorer Sport Trac,2000.0
W990P6,Dodge,Cooper,2017.0
x156p6,Volkswagen,Cooper,2010.0
T256J6,Toyota,HR-V,2005.0
Z433y1,MAZDA,Tribeca,1997.0
v323Z0,BMW,SS,2013.0
J611N9,MINI,Vantage,2013.0
w052D2,Nissan,Blazer,2000.0
u654B4,Oldsmobile,Roadster,2008.0
i272A7,Acura,Durango,2007.0
b855T1,Porsche,Golf,2014.0
h255T3,INFINITI,Mirage,2016.0
g459S0,Volkswagen,Cirrus,2008.0
b789D3,Honda,Edge,2003.0
n713n1,Mitsubishi,G6,2006.0
a935t5,GMC,5 Series,2018.0
d405w9,Volvo,Navigator,1999.0
J261S6,Mercedes-Benz,Celica,2012.0
Q277P8,Volkswagen,X4,2001.0
f505D0,Audi,Encore,2017.0
d703R8,Hyundai,Range Rover Sport,2007.0
i161E6,Lexus,Mercedes-AMG S-Class,2020.0
y994a9,Nissan,Bolt EV,2014.0
k809M3,Chevrolet,C70,2017.0
m272a7,Toyota,Suburban 3500HD,1993.0
F808y7,Mitsubishi,F350 Super Duty Regular Cab,2017.0
N475I9,Acura,Prius v,2012.0
C129F0,Ferrari,Seville,2001.0
W746Y3,Kia,Corolla,1998.0
F005p6,Jaguar,Corolla,2013.0
O990m8,Ford,Explorer,2015.0
Y953s2,Mitsubishi,Ram Wagon 2500,1996.0
N882g6,INFINITI,Sorento,1996.0
N463x1,Ram,APV Cargo,2010.0
F626g8,Audi,R32,2004.0
X465z5,MAZDA,Freestar Cargo,1993.0
n564D0,Dodge,Achieva,2003.0
a531y5,Jeep,GranTurismo,1993.0
p639P6,Toyota,Sonata,2002.0
n651O0,Dodge,Compass,2005.0
f413n4,Dodge,Eclipse,2019.0
O239u6,Mercedes-Benz,Encore,2014.0
F423a8,Ford,Cruze,2015.0
a279t1,Acura,Prius v,1997.0
I743i8,Toyota,F250 Super Duty Regular Cab,2008.0
X542u2,Lexus,3500 Mega Cab,2018.0
E645A7,Ford,B-Series Extended Cab,2006.0
q297W3,Mitsubishi,3 Series,1996.0
v667Y0,Isuzu,X5,2009.0
F750x5,Chevrolet,Silverado 1500 Extended Cab,2016.0
s711P8,Mercedes-Benz,SLK-Class,2002.0
P496P5,GMC,Express 1500 Passenger,2003.0
P715A7,INFINITI,Outback,2019.0
w806O8,Mitsubishi,Cobalt,2003.0
E050G9,Nissan,Silverado 3500 Extended Cab,1994.0
t963G0,Toyota,NV3500 HD Cargo,2009.0
n839R8,Ford,Phantom,2017.0
J186d1,Subaru,S40,2020.0
C455R0,Pontiac,Golf,2013.0
M289P0,Chevrolet,QX,1995.0
E996r4,Ram,Expedition EL,1997.0
k983p4,Mercedes-Benz,Golf III,2017.0
X373r3,HUMMER,Navigator L,2018.0
j539e5,GMC,X5,2019.0
M633n9,Nissan,SC,2013.0
N627f4,Dodge,458 Italia,1992.0
d143w0,Toyota,CT,2019.0
F174y4,HUMMER,Silverado 1500 Regular Cab,1999.0
H438M5,Plymouth,Firebird,2006.0
h156I5,GMC,Stratus,2016.0
L297y9,Chevrolet,Silverado 1500 HD Crew Cab,2004.0
j854R8,Acura,Sportage,2010.0
q212c1,Ford,e-tron,2012.0
J385w6,Hyundai,Intrigue,2003.0
b189X7,Toyota,Compass,2001.0
A386Q0,Chevrolet,Elantra,2011.0
p698g8,Chevrolet,4Runner,2014.0
t156P8,Cadillac,Equinox,2007.0
O377P2,Volvo,Malibu Limited,2014.0
I994E8,Audi,Range Rover,2003.0
W510w5,Ford,Ram 1500 Regular Cab,2001.0
d728e4,Chevrolet,Talon,2001.0
O727G4,Dodge,Protege,2015.0
R229p1,BMW,Land Cruiser,2009.0
h827Z0,Chevrolet,IS,2004.0
w855o6,Mercedes-Benz,G70,1997.0
L167G9,Mercury,Tercel,2012.0
D199t9,Dodge,DBS,2002.0
h058Q7,Toyota,F350 Super Duty Super Cab,2002.0
Y841x9,Eagle,Sprinter WORKER Cargo,2008.0
Q092l4,INFINITI,CX-3,1997.0
v573O6,Kia,Golf III,2005.0
K805C5,Suzuki,G-Series 1500,1995.0
V376Y9,GMC,Econoline E150 Cargo,1998.0
E956m6,Lexus,CC,2019.0
c270F3,Toyota,Silverado 3500 HD Regular Cab,2007.0
H021n2,Mercury,Vanquish,2011.0
H116b3,Cadillac,Q5,1999.0
A262v1,Honda,SL-Class,2007.0
h837h0,Dodge,CX-5,1997.0
J381T1,Chevrolet,F150 Regular Cab,2005.0
l191q0,Geo,xD,2018.0
t798Q2,Cadillac,Vandura G3500,2009.0
o499u9,Mitsubishi,Regal,2016.0
v427Q2,Jeep,Santa Fe Sport,1996.0
z332E9,Subaru,Captiva Sport,2018.0
M609Y2,Chevrolet,Civic,2018.0
B041c0,Kia,Dakota Regular Cab,1998.0
Q234m1,Honda,Premier,1995.0
B097Q6,Honda,Tundra CrewMax,1999.0
T734w1,Nissan,370Z,1993.0
b765Q9,GMC,Huracan,2007.0
E019C9,Toyota,Q60,1999.0
q378p0,Isuzu,Regal Sportback,2006.0
r035W8,GMC,488 Spider,2016.0
p065m3,Isuzu,Exige S,1992.0
d509f1,Ford,Panamera,2020.0
I359z1,Ford,Thunderbird,2002.0
C432D7,GMC,Land Cruiser,2001.0
J391l8,Nissan,Z3,2001.0
e159T2,GMC,RAV4,2014.0
i464g3,Nissan,S60,2001.0
Y334d4,Ford,Forester,2017.0
q128T7,Nissan,Villager,2006.0
N211G3,Dodge,RAV4,2000.0
m332F7,Dodge,Panamera,2014.0
B971I5,GMC,Yukon,2005.0
N206i9,Jeep,Maxima,2014.0
U926H5,Chevrolet,Cavalier,2000.0
o833N5,Cadillac,Azera,2017.0
R706D9,Acura,Beetle,2008.0
u085k3,Toyota,CC,2016.0
J057Y1,Acura,Ram 3500 Quad Cab,2006.0
I964l9,Mercedes-Benz,Maxima,2020.0
S307T1,Chevrolet,Five Hundred,2012.0
t374s9,Dodge,Rodeo,2014.0
Q095f4,Eagle,MKX,2017.0
d090j7,Ford,Civic,2016.0
U104e4,Honda,TL,2017.0
N113c9,Lexus,LS,1998.0
D559b9,Volkswagen,Tiguan,2018.0
s897N6,Porsche,Accord,2015.0
u035k5,Ford,S4,2008.0
Z636b0,Mercedes-Benz,Vandura 2500,1992.0
t498j3,Chevrolet,Soul,2007.0
p906b4,Dodge,Fusion,1995.0
M092j7,Volvo,Maxima,2006.0
P395z4,Hyundai,Crown Victoria,2009.0
o818r7,MAZDA,Camry,2017.0
t405Y9,Chevrolet,3500 HD Regular Cab,2005.0
v943H4,Chevrolet,WRX,2006.0
h446S7,Toyota,Sonoma Extended Cab,2007.0
R163R2,Dodge,G-Class,2015.0
C345P8,Hyundai,Compass,1997.0
X796I3,Toyota,Camaro,2018.0
N751E3,Ford,Econoline E150 Passenger,2001.0
c491e0,Chevrolet,Escalade EXT,2011.0
G386g5,BMW,Ram 2500 Regular Cab,2015.0
D174d7,MAZDA,Transit Connect Cargo,1994.0
x488N7,Toyota,B-Series Regular Cab,2005.0
O728d3,Mitsubishi,Sportvan G30,2009.0
L793o3,Cadillac,ATS,2013.0
v041A6,Audi,Genesis Coupe,1997.0
D529i6,Plymouth,GLE Coupe,2007.0
x623D0,Ford,Santa Fe,2016.0
M715i4,Ford,3500 Regular Cab,1995.0
s403q8,Lincoln,300 SD,1993.0
I317F1,Plymouth,Forester,2001.0
g524a8,BMW,A6,2011.0
l335x8,Mercedes-Benz,Accent,2014.0
O534G3,Chevrolet,Niro,1998.0
y064r4,Subaru,Insight,2017.0
i100o9,Mercedes-Benz,Silverado 2500 HD Double Cab,2015.0
L808N2,Lincoln,GX,2006.0
F422c9,Saturn,Sierra 2500 HD Regular Cab,2018.0
p794R8,Ford,Azure T,2013.0
j513j3,Buick,PT Cruiser,1995.0
C487s4,GMC,Express 3500 Cargo,2011.0
D353E2,Mercedes-Benz,A4 allroad,2011.0
y283r6,Cadillac,ES,2000.0
R354i7,Porsche,Highlander,2014.0
U667n6,Nissan,Camry,1992.0
H904V9,INFINITI,GTI,2008.0
A079N0,BMW,V70,2005.0
M920q0,Ford,Intrigue,1997.0
v210b4,Lincoln,Versa,1996.0
A461V6,GMC,Savana 2500 Cargo,1995.0
M533C2,Mitsubishi,Dakota Regular Cab,2006.0
V657j8,Ford,Canyon Regular Cab,2020.0
N914h7,GMC,LSS,2007.0
P248G3,Dodge,MPV,2015.0
X569e5,Mercedes-Benz,Yukon,2012.0
j570i1,Ford,F350 Super Duty Crew Cab,2017.0
k442w3,Volvo,Century,1996.0
L583c3,Volvo,Tundra Regular Cab,1998.0
x838l7,Chevrolet,CLK-Class,2010.0
C677I3,Volvo,Land Cruiser,2016.0
H643U1,Lexus,Sunfire,2019.0
u769f4,Ram,Flying Spur,2015.0
I123l7,Chrysler,Mighty Max Regular Cab,2011.0
V072E8,Cadillac,Freestar Cargo,2016.0
m203M2,BMW,Tundra Regular Cab,1997.0
t055Y7,Ford,Highlander,1992.0
f595t5,Eagle,3500 Regular Cab,2011.0
O617u9,Buick,H1,2008.0
V956h1,BMW,Venza,2001.0
x028Z9,Buick,SRX,2015.0
g301Q8,Mercedes-Benz,Altima,2008.0
u466E4,Ford,Tahoe,2000.0
A034Y5,Volkswagen,King Cab,2016.0
c501u1,Toyota,Eurovan,2020.0
L920X4,Rolls-Royce,Captiva Sport,2005.0
Z493u8,BMW,Tacoma Regular Cab,2006.0
N833C2,Jaguar,Journey,2006.0
V621U4,Acura,Maxima,1997.0
O655B4,Chevrolet,cube,2003.0
j530u6,Mercedes-Benz,F150 Super Cab,2006.0
i123E8,Ferrari,Wraith,1993.0
T490C7,Chevrolet,Ram Van 1500,2020.0
f828M6,Porsche,S60,1993.0
J937u6,Acura,Touareg,1999.0
r830N0,Audi,Axiom,2008.0
P623Z3,Suzuki,EX,2019.0
W969l8,Dodge,Sierra 2500 HD Crew Cab,1999.0
L203a1,Mercedes-Benz,MAZDA3,2007.0
P391c1,Lincoln,Silverado 1500 Regular Cab,2014.0
v332A3,Dodge,Sonoma Regular Cab,2020.0
L861f5,Ford,CT,2002.0
u561d8,Kia,Silverado (Classic) 2500 HD Extended Cab,2013.0
T104c4,MAZDA,CL-Class,2017.0
s215k5,Chrysler,Sephia,1999.0
f763h3,Volkswagen,fortwo,2001.0
H627D9,Cadillac,Range Rover Sport,1993.0
T882g0,BMW,Silverado 3500 HD Extended Cab,2017.0
v072K3,Acura,MAZDA3,2016.0
q018Z8,Nissan,Sonata,2012.0
h245V6,Kia,4Runner,2006.0
S604t8,Mercedes-Benz,Baja,2009.0
T695t7,GMC,Corsica,2019.0
h007Q2,Nissan,XK,2001.0
h034O3,Nissan,Sebring,2020.0
s833B8,Chevrolet,Ion,2006.0
V477K9,Ford,Topaz,2005.0
T633n0,Acura,Prius Plug-in Hybrid,2013.0
c524J3,GMC,SLS-Class,2015.0
n668i5,MINI,Tacoma Xtracab,2014.0
v412d0,Ford,Ram 3500 Mega Cab,2013.0
h218U1,GMC,Soul,2017.0
N012t6,Audi,Discovery,2002.0
M071U3,Hyundai,Canyon Crew Cab,1992.0
Z988o0,Audi,S10 Regular Cab,2017.0
q209s7,Honda,Canyon Crew Cab,1999.0
M992z8,GMC,Silverado 3500 HD Double Cab,2013.0
J512j1,Porsche,Sprinter 2500 Crew,2000.0
c720t9,Honda,F450 Super Duty Crew Cab,1994.0
C314F4,Nissan,Jimmy,2017.0
B349D8,Chevrolet,Sprinter 3500XD Cargo,2012.0
I473A9,Ford,Thunderbird,2012.0
h166V3,Chevrolet,Aura,1992.0
G593R0,Alfa Romeo,1500 Crew Cab,2014.0
m106T5,Nissan,SL-Class,2020.0
c356U1,Pontiac,S-Class,1994.0
y764M4,Toyota,240SX,2007.0
O469i2,Toyota,F150 Regular Cab,2002.0
u012M0,Nissan,Silverado 1500 Double Cab,2006.0
Z587m6,Ford,GT,2016.0
y605Q8,Dodge,300ZX,2014.0
K799q6,Mercedes-Benz,V90,2019.0
s991k2,Chevrolet,Mirage G4,2001.0
q898i6,Chrysler,S-Class,1992.0
t914W6,Mercury,TSX,2020.0
n690H7,Jaguar,Dynasty,1999.0
R430G9,Chrysler,S3,2019.0
U416y5,Chevrolet,4Runner,2015.0
u596a3,Nissan,Dakota Quad Cab,2013.0
S019O8,Maserati,Sidekick,2016.0
O616o5,Mercedes-Benz,TT,2003.0
j555u5,Ford,Odyssey,2013.0
Z514U5,Buick,Renegade,2006.0
L442z6,Daewoo,S6,2012.0
r391C3,Mitsubishi,Century,2010.0
d242a4,Mercedes-Benz,Tundra Access Cab,1997.0
S355C1,Mercury,Fusion,2012.0
n042o7,Bentley,Neon,2013.0
F511D4,Alfa Romeo,Range Rover Evoque,2011.0
I465l9,Toyota,Convertible,2015.0
r112f6,Volvo,F150 Regular Cab,2006.0
k894T8,Honda,M5,2013.0
r763r5,INFINITI,Corolla,2008.0
g524s3,Mercedes-Benz,Concorde,2016.0
U665g7,Chevrolet,3000GT,2014.0
D183m2,Cadillac,Outlander,2002.0
i954Y0,GMC,Pilot,1993.0
Q057W4,GMC,Venture Passenger,2018.0
Q945a2,Geo,RDX,2011.0
C942C0,Mercury,Escalade EXT,1997.0
c167D1,Saab,Monaco,2017.0
L634E2,Ford,Mercedes-AMG GLE Coupe,2014.0
I715t6,BMW,Mustang,2019.0
K777t5,Chevrolet,1500 Crew Cab,2015.0
p111S1,MAZDA,NV200,1994.0
D671P9,BMW,F150 Regular Cab,2020.0
X082Y2,Ford,1500 Regular Cab,2018.0
S685v2,Nissan,Tucson,2000.0
k237g6,Volkswagen,Passat,2018.0
T527j1,Volvo,Xterra,2012.0
t501Z4,Acura,Q50,2009.0
z429E3,Ford,C-Class,2007.0
K804h6,Mercedes-Benz,M-Class,2016.0
y458s8,Toyota,Gallardo,2012.0
s417E3,Chevrolet,Sebring,2010.0
b030v1,Mercedes-Benz,M3,2004.0
g624Y0,Chevrolet,LeSabre,2009.0
V147i4,Dodge,Savana 2500 Cargo,2003.0
A645A4,Kia,Quattro,2018.0
Z984E9,Audi,Tacoma Regular Cab,2016.0
s632i7,Chrysler,Frontier Crew Cab,1996.0
q192X2,Ford,Hardtop 2 Door,2016.0
h441a5,Suzuki,Ram 2500 Regular Cab,1993.0
H319c5,Panoz,370Z,2014.0
h497k6,Cadillac,Grand Marquis,2007.0
u433l9,Hyundai,Cabriolet,2007.0
g000U3,Subaru,Vision,1992.0
m071G4,Lincoln,Yukon XL,1998.0
T562G3,Ford,TL,2001.0
y892m7,Subaru,FX,2016.0
B089K9,Volkswagen,Sportage,2005.0
G726G9,Dodge,Tucson,2018.0
u129N2,Honda,Silverado 2500 HD Extended Cab,1998.0
P296N5,Chevrolet,Armada,1998.0
z664A3,Volkswagen,Commander,2018.0
U968D3,MAZDA,TLX,1999.0
H109c7,Lincoln,TT,2016.0
O555T7,Oldsmobile,Impala,2008.0
e949d8,Kia,ZX2,1992.0
V142p4,BMW,Yukon,2019.0
c119t3,Subaru,Sierra 1500 Crew Cab,2002.0
M641c8,Mitsubishi,Escort,2004.0
B023i1,Volkswagen,G3,2014.0
n995Y1,MAZDA,Golf,1995.0
Z379H1,Chevrolet,Equinox,2004.0
D387M2,BMW,Accent,2010.0
t532F1,Saturn,F350 Super Duty Regular Cab,2012.0
B806D3,Chevrolet,Cayenne,2019.0
J926Y0,Scion,Fusion Energi,2016.0
L083x8,Mitsubishi,Tacoma Double Cab,2010.0
g021o8,Ford,600 SEC,2016.0
e265A3,Honda,Stealth,1997.0
N323A7,Mercedes-Benz,Impreza,2017.0
t452S4,Cadillac,7 Series,2002.0
T653m3,Honda,Sportage,2005.0
W626n4,Lincoln,XLR,2009.0
Q205M5,Aston Martin,Intrigue,2015.0
i043P7,Volkswagen,CTS,2000.0
x028D3,GMC,tC,2009.0
W638l2,GMC,Corvette,2005.0
T789b2,Dodge,57,2005.0
d906m2,Dodge,allroad,2004.0
a963X7,Nissan,Cascada,2003.0
q688D1,Nissan,Ram Van B350,2007.0
F057i0,Chevrolet,Transit Connect Cargo,1994.0
u295Q7,Audi,Grand Vitara,2019.0
Q013V9,Volvo,X6 M,2016.0
n016h4,Ford,Ioniq Electric,1993.0
J535z7,Toyota,Wrangler,2004.0
e833F6,MAZDA,Grand Prix,2017.0
a707m3,Nissan,Land Cruiser,2006.0
k349f8,MAZDA,500 Abarth,2018.0
l796b6,GMC,Malibu,2003.0
M011g7,Ford,2500 Crew Cab,1999.0
r136d5,Ram,Mirage,2020.0
H989I7,Cadillac,Daytona,2018.0
b515r4,Volkswagen,Rio,2018.0
a006E5,Ram,Highlander,1997.0
X952V3,Chrysler,Grand Prix,1993.0
k289r9,Oldsmobile,Beretta,2007.0
r772l3,Mercury,Sebring,2018.0
r132C1,Mercedes-Benz,XK,2011.0
m750w2,Chevrolet,Silverado 2500 HD Crew Cab,2015.0
l300K4,Hyundai,M3,1993.0
L074g5,Toyota,Solara,1999.0
v645y6,Saturn,Celica,2020.0
t553Q8,Ford,STS,1995.0
r730w0,Chevrolet,Transit 350 HD Van,2007.0
t299y7,Chevrolet,TSX,2002.0
r302l8,Chrysler,Civic Type R,1999.0
b649U4,Chrysler,4Runner,2010.0
R519v5,MINI,Tribute,1993.0
U859V3,Lexus,SRX,2007.0
G834k0,Ford,Edge,1996.0
q583w9,Pontiac,V40,2000.0
y365u8,GMC,R-Class,2006.0
o566P4,GMC,S4,2005.0
v814D1,Kia,LS,2006.0
f287q8,Hyundai,Ranger Super Cab,2012.0
u321J4,Chevrolet,Acadia,2019.0
j058x0,Buick,B-Series Regular Cab,1999.0
y719Q3,Mercedes-Benz,Camry,2019.0
M340w0,Pontiac,Savana 1500 Cargo,2008.0
b894G5,Oldsmobile,E350 Super Duty Cargo,2009.0
p909D6,Mercedes-Benz,TrailBlazer,2000.0
b742n6,GMC,Grand Cherokee,2006.0
R361t1,Audi,Suburban 2500,2007.0
h152h6,Kia,Silverado 2500 HD Extended Cab,2017.0
m312I3,Kia,E350 Super Duty Passenger,1999.0
Q518Y3,Kia,S-Type,2008.0
r438Y3,Mitsubishi,Tribeca,1993.0
p139e7,Chevrolet,Bravada,2009.0
t950Q9,Ford,allroad,2017.0
P230S8,GMC,S10 Extended Cab,2018.0
N798Y5,Bentley,SRX,2006.0
x362W9,BMW,Mercedes-AMG SL,2003.0
e882n7,Chevrolet,CR-Z,2008.0
A757q9,Dodge,Corvette,1994.0
c207e4,Chevrolet,Odyssey,2006.0
E905B8,Toyota,Silverado 1500 Extended Cab,2017.0
Q971d3,Hyundai,500L,2000.0
H564M5,GMC,Z4,2007.0
h525U2,Mercedes-Benz,Talon,2020.0
z514g5,Isuzu,Clubman,2010.0
G592s6,GMC,Challenger,2016.0
d452h9,Ford,7 Series,2000.0
o371q5,Acura,Mirai,2006.0
J726H3,INFINITI,Land Cruiser,1999.0
S872i7,Aston Martin,Silverado 1500 Crew Cab,2013.0
R778N5,Mitsubishi,Savana 3500 Cargo,2002.0
e803T2,Mercedes-Benz,Navigator,2009.0
N567H6,Hyundai,Macan,2018.0
j609k5,Nissan,Canyon Crew Cab,2001.0
D429X2,Geo,Pathfinder,2008.0
N195o9,Bentley,Solstice,1998.0
i896L5,Toyota,Rainier,2009.0
g897z8,Pontiac,Avalanche,2018.0
K645Q7,Chevrolet,Yukon XL 1500,2000.0
i567F1,Eagle,Equinox,2003.0
V772l3,Chevrolet,Encore,1995.0
H152l9,Nissan,2500 Crew Cab,1993.0
o987J3,Mercury,E-Class,1994.0
N672H0,Porsche,F250 Super Duty Regular Cab,2010.0
Y448b1,Dodge,Prizm,1994.0
T746q0,GMC,Tacoma Xtracab,2013.0
